ClassID,Label,Weight
0,BACKGROUND,0.08411966
1,SKIN,0.6115464
2,NOSE,6.9698267
3,RIGHT_EYE,99.77883
4,LEFT_EYE,99.631454
5,RIGHT_BROW,48.00492
6,LEFT_BROW,47.482853
7,RIGHT_EAR,27.974064
8,LEFT_EAR,27.021515
9,MOUTH_INTERIOR,48.203228
10,TOP_LIP,28.668169
11,BOTTOM_LIP,25.054916
12,NECK,3.1710742
13,HAIR,0.6221708
14,BEARD,7.8152432
15,CLOTHING,0.35977355
16,GLASSES,31.987255
17,HEADWEAR,4.1342254
18,FACEWEAR,inf
